"TimeStamp","Host","Uptime","HashRate","Freq","T_max","ASIC","T_1","ASIC_1_Status","ASIC_1","T_2","ASIC_2_Status","ASIC_2","T_3","ASIC_3_Status","ASIC_3","T_4","ASIC_4_Status","ASIC_4","Fan_1","Fan_2"
"2018-06-14 06:00:12","l32","-","-","-","-","-","","","","","","","","","","","","","",""
"2018-06-14 06:30:12","l32","-","-","-","-","-","","","","","","","","","","","","","",""
"2018-06-14 07:00:13","l32","-","-","-","-","-","","","","","","","","","","","","","",""
"2018-06-14 07:31:12","l32","-","-","-","-","-","","","","","","","","","","","","","",""
"2018-06-14 08:00:11","l32","-","-","-","-","-","","","","","","","","","","","","","",""
"2018-06-14 08:30:12","l32","-","-","-","-","-","","","","","","","","","","","","","",""
"2018-06-14 09:00:13","l32","-","-","-","-","-","","","","","","","","","","","","","",""
"2018-06-14 09:30:12","l32","-","-","-","-","-","","","","","","","","","","","","","",""
"2018-06-14 10:00:15","l32","-","-","-","-","-","","","","","","","","","","","","","",""
"2018-06-14 10:30:13","l32","-","-","-","-","-","","","","","","","","","","","","","",""
"2018-06-14 11:00:14","l32","-","-","-","-","-","","","","","","","","","","","","","",""
"2018-06-14 11:30:13","l32","-","-","-","-","-","","","","","","","","","","","","","",""
"2018-06-14 12:00:14","l32","-","-","-","-","-","","","","","","","","","","","","","",""
"2018-06-14 12:30:12","l32","-","-","-","-","-","","","","","","","","","","","","","",""
"2018-06-14 13:00:13","l32","-","-","-","-","-","","","","","","","","","","","","","",""
"2018-06-14 13:30:12","l32","-","-","-","-","-","","","","","","","","","","","","","",""
"2018-06-14 14:00:16","l32","-","-","-","-","-","","","","","","","","","","","","","",""
"2018-06-14 14:30:14","l32","-","-","-","-","-","","","","","","","","","","","","","",""
"2018-06-14 17:30:15","l32","-","-","-","-","-","","","","","","","","","","","","","",""
"2018-06-14 18:00:17","l32","-","-","-","-","-","","","","","","","","","","","","","",""
"2018-06-14 18:30:12","l32","-","-","-","-","-","","","","","","","","","","","","","",""
"2018-06-14 19:00:12","l32","-","-","-","-","-","","","","","","","","","","","","","",""
"2018-06-14 19:30:13","l32","-","-","-","-","-","","","","","","","","","","","","","",""
"2018-06-14 20:00:14","l32","-","-","-","-","-","","","","","","","","","","","","","",""
"2018-06-14 20:30:13","l32","-","-","-","-","-","","","","","","","","","","","","","",""
"2018-06-14 21:00:13","l32","-","-","-","-","-","","","","","","","","","","","","","",""
"2018-06-14 21:30:13","l32","-","-","-","-","-","","","","","","","","","","","","","",""
"2018-06-14 22:00:13","l32","-","-","-","-","-","","","","","","","","","","","","","",""
"2018-06-14 22:30:12","l32","-","-","-","-","-","","","","","","","","","","","","","",""
"2018-06-14 23:00:12","l32","-","-","-","-","-","","","","","","","","","","","","","",""
"2018-06-14 23:30:12","l32","-","-","-","-","-","","","","","","","","","","","","","",""
"2018-06-15 00:00:15","l32","-","-","-","-","-","","","","","","","","","","","","","",""
"2018-06-15 00:30:12","l32","-","-","-","-","-","","","","","","","","","","","","","",""
"2018-06-15 01:00:13","l32","-","-","-","-","-","","","","","","","","","","","","","",""
"2018-06-15 01:30:12","l32","-","-","-","-","-","","","","","","","","","","","","","",""
"2018-06-15 02:00:13","l32","-","-","-","-","-","","","","","","","","","","","","","",""
"2018-06-15 02:30:12","l32","-","-","-","-","-","","","","","","","","","","","","","",""
"2018-06-15 03:00:12","l32","-","-","-","-","-","","","","","","","","","","","","","",""
"2018-06-15 03:30:13","l32","-","-","-","-","-","","","","","","","","","","","","","",""
"2018-06-15 04:00:13","l32","-","-","-","-","-","","","","","","","","","","","","","",""
"2018-06-15 04:30:12","l32","-","-","-","-","-","","","","","","","","","","","","","",""
"2018-06-15 05:00:11","l32","-","-","-","-","-","","","","","","","","","","","","","",""
"2018-06-15 05:30:12","l32","-","-","-","-","-","","","","","","","","","","","","","",""
"2018-06-15 06:00:11","l32","-","-","-","-","-","","","","","","","","","","","","","",""
"2018-06-15 06:30:13","l32","-","-","-","-","-","","","","","","","","","","","","","",""
"2018-06-15 07:00:12","l32","-","-","-","-","-","","","","","","","","","","","","","",""
"2018-06-15 07:30:12","l32","-","-","-","-","-","","","","","","","","","","","","","",""
"2018-06-15 08:00:11","l32","-","-","-","-","-","","","","","","","","","","","","","",""
"2018-06-15 08:30:12","l32","-","-","-","-","-","","","","","","","","","","","","","",""
"2018-06-15 09:00:12","l32","-","-","-","-","-","","","","","","","","","","","","","",""
"2018-06-15 09:30:12","l32","-","-","-","-","-","","","","","","","","","","","","","",""
"2018-06-15 10:00:13","l32","-","-","-","-","-","","","","","","","","","","","","","",""
"2018-06-15 10:30:13","l32","-","-","-","-","-","","","","","","","","","","","","","",""
"2018-06-15 11:00:14","l32","-","-","-","-","-","","","","","","","","","","","","","",""
"2018-06-15 11:30:13","l32","-","-","-","-","-","","","","","","","","","","","","","",""
"2018-06-15 12:00:13","l32","-","-","-","-","-","","","","","","","","","","","","","",""
"2018-06-15 12:30:12","l32","-","-","-","-","-","","","","","","","","","","","","","",""
"2018-06-15 13:00:12","l32","-","-","-","-","-","","","","","","","","","","","","","",""
"2018-06-15 13:30:13","l32","-","-","-","-","-","","","","","","","","","","","","","",""
"2018-06-15 14:00:13","l32","-","-","-","-","-","","","","","","","","","","","","","",""
"2018-06-15 14:30:12","l32","-","-","-","-","-","","","","","","","","","","","","","",""
"2018-06-15 15:00:13","l32","-","-","-","-","-","","","","","","","","","","","","","",""
"2018-06-15 15:30:13","l32","-","-","-","-","-","","","","","","","","","","","","","",""
"2018-06-15 16:00:14","l32","-","-","-","-","-","","","","","","","","","","","","","",""
"2018-06-15 16:30:13","l32","-","-","-","-","-","","","","","","","","","","","","","",""
"2018-06-15 17:00:13","l32","-","-","-","-","-","","","","","","","","","","","","","",""
"2018-06-15 17:30:13","l32","-","-","-","-","-","","","","","","","","","","","","","",""
"2018-06-15 18:00:13","l32","-","-","-","-","-","","","","","","","","","","","","","",""
"2018-06-15 18:30:13","l32","-","-","-","-","-","","","","","","","","","","","","","",""
"2018-06-15 19:00:13","l32","-","-","-","-","-","","","","","","","","","","","","","",""
"2018-06-15 19:30:12","l32","-","-","-","-","-","","","","","","","","","","","","","",""
"2018-06-15 20:00:14","l32","-","-","-","-","-","","","","","","","","","","","","","",""
"2018-06-15 20:30:12","l32","-","-","-","-","-","","","","","","","","","","","","","",""
"2018-06-15 21:00:13","l32","-","-","-","-","-","","","","","","","","","","","","","",""
"2018-06-15 21:30:11","l32","-","-","-","-","-","","","","","","","","","","","","","",""
"2018-06-15 22:00:11","l32","-","-","-","-","-","","","","","","","","","","","","","",""
"2018-06-15 22:30:12","l32","-","-","-","-","-","","","","","","","","","","","","","",""
"2018-06-15 23:00:14","l32","-","-","-","-","-","","","","","","","","","","","","","",""
"2018-06-15 23:30:12","l32","-","-","-","-","-","","","","","","","","","","","","","",""
"2018-06-16 00:00:12","l32","-","-","-","-","-","","","","","","","","","","","","","",""
"2018-06-16 00:30:12","l32","-","-","-","-","-","","","","","","","","","","","","","",""
"2018-06-16 01:00:13","l32","-","-","-","-","-","","","","","","","","","","","","","",""
"2018-06-16 01:30:12","l32","-","-","-","-","-","","","","","","","","","","","","","",""
"2018-06-16 02:00:13","l32","-","-","-","-","-","","","","","","","","","","","","","",""
"2018-06-16 02:30:12","l32","-","-","-","-","-","","","","","","","","","","","","","",""
"2018-06-16 03:00:12","l32","-","-","-","-","-","","","","","","","","","","","","","",""
"2018-06-16 03:30:13","l32","-","-","-","-","-","","","","","","","","","","","","","",""
"2018-06-16 04:00:12","l32","-","-","-","-","-","","","","","","","","","","","","","",""
"2018-06-16 04:30:12","l32","-","-","-","-","-","","","","","","","","","","","","","",""
"2018-06-16 05:00:12","l32","-","-","-","-","-","","","","","","","","","","","","","",""
"2018-06-16 05:30:12","l32","-","-","-","-","-","","","","","","","","","","","","","",""
"2018-06-16 06:00:13","l32","-","-","-","-","-","","","","","","","","","","","","","",""
"2018-06-16 06:30:12","l32","-","-","-","-","-","","","","","","","","","","","","","",""
"2018-06-16 07:00:12","l32","-","-","-","-","-","","","","","","","","","","","","","",""
"2018-06-16 07:30:12","l32","-","-","-","-","-","","","","","","","","","","","","","",""
"2018-06-16 08:00:13","l32","-","-","-","-","-","","","","","","","","","","","","","",""
"2018-06-16 08:30:12","l32","-","-","-","-","-","","","","","","","","","","","","","",""
"2018-06-16 09:00:13","l32","-","-","-","-","-","","","","","","","","","","","","","",""
"2018-06-16 09:30:12","l32","-","-","-","-","-","","","","","","","","","","","","","",""
"2018-06-16 10:00:13","l32","-","-","-","-","-","","","","","","","","","","","","","",""
"2018-06-16 10:30:12","l32","-","-","-","-","-","","","","","","","","","","","","","",""
"2018-06-16 11:00:14","l32","-","-","-","-","-","","","","","","","","","","","","","",""
"2018-06-16 11:30:11","l32","-","-","-","-","-","","","","","","","","","","","","","",""
"2018-06-16 12:00:12","l32","-","-","-","-","-","","","","","","","","","","","","","",""
"2018-06-16 12:30:12","l32","-","-","-","-","-","","","","","","","","","","","","","",""
"2018-06-16 13:00:13","l32","-","-","-","-","-","","","","","","","","","","","","","",""
"2018-06-16 13:30:12","l32","-","-","-","-","-","","","","","","","","","","","","","",""
"2018-06-16 14:00:13","l32","-","-","-","-","-","","","","","","","","","","","","","",""
"2018-06-16 14:30:12","l32","-","-","-","-","-","","","","","","","","","","","","","",""
"2018-06-16 15:00:13","l32","-","-","-","-","-","","","","","","","","","","","","","",""
"2018-06-16 15:30:11","l32","-","-","-","-","-","","","","","","","","","","","","","",""
"2018-06-16 16:00:13","l32","-","-","-","-","-","","","","","","","","","","","","","",""
"2018-06-16 16:30:12","l32","-","-","-","-","-","","","","","","","","","","","","","",""
"2018-06-16 17:00:13","l32","-","-","-","-","-","","","","","","","","","","","","","",""
"2018-06-16 17:30:12","l32","-","-","-","-","-","","","","","","","","","","","","","",""
"2018-06-16 18:00:13","l32","-","-","-","-","-","","","","","","","","","","","","","",""
"2018-06-16 18:30:12","l32","-","-","-","-","-","","","","","","","","","","","","","",""
"2018-06-16 19:00:12","l32","-","-","-","-","-","","","","","","","","","","","","","",""
"2018-06-16 19:30:12","l32","-","-","-","-","-","","","","","","","","","","","","","",""
"2018-06-16 20:00:13","l32","-","-","-","-","-","","","","","","","","","","","","","",""
"2018-06-16 20:30:11","l32","-","-","-","-","-","","","","","","","","","","","","","",""
"2018-06-16 21:00:13","l32","-","-","-","-","-","","","","","","","","","","","","","",""
"2018-06-16 21:30:12","l32","-","-","-","-","-","","","","","","","","","","","","","",""
"2018-06-16 22:00:13","l32","-","-","-","-","-","","","","","","","","","","","","","",""
"2018-06-16 22:30:11","l32","-","-","-","-","-","","","","","","","","","","","","","",""
"2018-06-16 23:00:13","l32","-","-","-","-","-","","","","","","","","","","","","","",""
"2018-06-16 23:30:12","l32","-","-","-","-","-","","","","","","","","","","","","","",""
"2018-06-17 00:00:11","l32","-","-","-","-","-","","","","","","","","","","","","","",""
"2018-06-17 00:30:11","l32","-","-","-","-","-","","","","","","","","","","","","","",""
"2018-06-17 01:00:12","l32","-","-","-","-","-","","","","","","","","","","","","","",""
"2018-06-17 01:30:12","l32","-","-","-","-","-","","","","","","","","","","","","","",""
"2018-06-17 02:00:16","l32","-","-","-","-","-","","","","","","","","","","","","","",""
"2018-06-17 02:30:12","l32","-","-","-","-","-","","","","","","","","","","","","","",""
"2018-06-17 03:00:11","l32","-","-","-","-","-","","","","","","","","","","","","","",""
"2018-06-17 03:30:11","l32","-","-","-","-","-","","","","","","","","","","","","","",""
"2018-06-17 04:00:12","l32","-","-","-","-","-","","","","","","","","","","","","","",""
"2018-06-17 04:30:12","l32","-","-","-","-","-","","","","","","","","","","","","","",""
"2018-06-17 05:00:13","l32","-","-","-","-","-","","","","","","","","","","","","","",""
"2018-06-17 05:30:13","l32","-","-","-","-","-","","","","","","","","","","","","","",""
"2018-06-17 06:00:12","l32","-","-","-","-","-","","","","","","","","","","","","","",""
"2018-06-17 06:30:11","l32","-","-","-","-","-","","","","","","","","","","","","","",""
"2018-06-17 07:00:13","l32","-","-","-","-","-","","","","","","","","","","","","","",""
"2018-06-17 07:30:12","l32","-","-","-","-","-","","","","","","","","","","","","","",""
"2018-06-17 08:00:12","l32","-","-","-","-","-","","","","","","","","","","","","","",""
"2018-06-17 08:30:12","l32","-","-","-","-","-","","","","","","","","","","","","","",""
"2018-06-17 09:00:12","l32","-","-","-","-","-","","","","","","","","","","","","","",""
"2018-06-17 09:30:12","l32","-","-","-","-","-","","","","","","","","","","","","","",""
"2018-06-17 10:00:13","l32","-","-","-","-","-","","","","","","","","","","","","","",""
"2018-06-17 10:30:11","l32","-","-","-","-","-","","","","","","","","","","","","","",""
"2018-06-17 11:00:12","l32","-","-","-","-","-","","","","","","","","","","","","","",""
"2018-06-17 11:30:12","l32","-","-","-","-","-","","","","","","","","","","","","","",""
"2018-06-17 12:00:12","l32","-","-","-","-","-","","","","","","","","","","","","","",""
"2018-06-17 12:30:11","l32","-","-","-","-","-","","","","","","","","","","","","","",""
"2018-06-17 13:00:13","l32","-","-","-","-","-","","","","","","","","","","","","","",""
"2018-06-17 13:30:11","l32","-","-","-","-","-","","","","","","","","","","","","","",""
"2018-06-17 14:00:13","l32","-","-","-","-","-","","","","","","","","","","","","","",""
"2018-06-17 14:30:11","l32","-","-","-","-","-","","","","","","","","","","","","","",""
"2018-06-17 15:00:12","l32","-","-","-","-","-","","","","","","","","","","","","","",""
"2018-06-17 15:30:10","l32","-","-","-","-","-","","","","","","","","","","","","","",""
"2018-06-17 16:00:13","l32","-","-","-","-","-","","","","","","","","","","","","","",""
"2018-06-17 16:30:12","l32","-","-","-","-","-","","","","","","","","","","","","","",""
"2018-06-17 17:00:13","l32","-","-","-","-","-","","","","","","","","","","","","","",""
"2018-06-17 17:30:12","l32","-","-","-","-","-","","","","","","","","","","","","","",""
"2018-06-17 18:00:14","l32","-","-","-","-","-","","","","","","","","","","","","","",""
"2018-06-17 18:30:11","l32","-","-","-","-","-","","","","","","","","","","","","","",""
"2018-06-17 19:00:13","l32","-","-","-","-","-","","","","","","","","","","","","","",""
"2018-06-17 19:30:12","l32","-","-","-","-","-","","","","","","","","","","","","","",""
"2018-06-17 20:00:13","l32","-","-","-","-","-","","","","","","","","","","","","","",""
"2018-06-17 20:30:11","l32","-","-","-","-","-","","","","","","","","","","","","","",""
"2018-06-17 21:00:12","l32","-","-","-","-","-","","","","","","","","","","","","","",""
"2018-06-17 21:30:13","l32","-","-","-","-","-","","","","","","","","","","","","","",""
"2018-06-17 22:00:13","l32","-","-","-","-","-","","","","","","","","","","","","","",""
"2018-06-17 22:30:13","l32","-","-","-","-","-","","","","","","","","","","","","","",""
"2018-06-17 23:00:13","l32","-","-","-","-","-","","","","","","","","","","","","","",""
"2018-06-17 23:30:13","l32","-","-","-","-","-","","","","","","","","","","","","","",""
"2018-06-18 00:00:13","l32","-","-","-","-","-","","","","","","","","","","","","","",""
"2018-06-18 00:30:12","l32","-","-","-","-","-","","","","","","","","","","","","","",""
"2018-06-18 01:00:13","l32","-","-","-","-","-","","","","","","","","","","","","","",""
"2018-06-18 01:30:13","l32","-","-","-","-","-","","","","","","","","","","","","","",""
"2018-06-18 02:00:12","l32","-","-","-","-","-","","","","","","","","","","","","","",""
"2018-06-18 02:30:10","l32","-","-","-","-","-","","","","","","","","","","","","","",""
"2018-06-18 03:00:12","l32","-","-","-","-","-","","","","","","","","","","","","","",""
"2018-06-18 03:30:12","l32","-","-","-","-","-","","","","","","","","","","","","","",""
"2018-06-18 04:00:12","l32","-","-","-","-","-","","","","","","","","","","","","","",""
"2018-06-18 04:30:12","l32","-","-","-","-","-","","","","","","","","","","","","","",""
"2018-06-18 05:00:12","l32","-","-","-","-","-","","","","","","","","","","","","","",""
"2018-06-18 05:30:12","l32","-","-","-","-","-","","","","","","","","","","","","","",""
"2018-06-18 06:00:12","l32","-","-","-","-","-","","","","","","","","","","","","","",""
"2018-06-18 06:30:10","l32","-","-","-","-","-","","","","","","","","","","","","","",""
"2018-06-18 07:00:13","l32","-","-","-","-","-","","","","","","","","","","","","","",""
"2018-06-18 07:30:12","l32","-","-","-","-","-","","","","","","","","","","","","","",""
"2018-06-18 08:00:13","l32","-","-","-","-","-","","","","","","","","","","","","","",""
"2018-06-18 08:30:12","l32","-","-","-","-","-","","","","","","","","","","","","","",""
"2018-06-18 09:00:13","l32","-","-","-","-","-","","","","","","","","","","","","","",""
"2018-06-18 09:30:12","l32","-","-","-","-","-","","","","","","","","","","","","","",""
"2018-06-18 10:00:13","l32","-","-","-","-","-","","","","","","","","","","","","","",""
"2018-06-18 10:30:13","l32","-","-","-","-","-","","","","","","","","","","","","","",""
"2018-06-18 11:00:14","l32","-","-","-","-","-","","","","","","","","","","","","","",""
"2018-06-18 11:30:14","l32","-","-","-","-","-","","","","","","","","","","","","","",""
"2018-06-18 12:00:14","l32","-","-","-","-","-","","","","","","","","","","","","","",""
"2018-06-18 12:30:13","l32","-","-","-","-","-","","","","","","","","","","","","","",""
"2018-06-18 13:00:13","l32","-","-","-","-","-","","","","","","","","","","","","","",""
"2018-06-18 13:30:12","l32","-","-","-","-","-","","","","","","","","","","","","","",""
"2018-06-18 14:00:13","l32","-","-","-","-","-","","","","","","","","","","","","","",""
"2018-06-18 14:30:12","l32","-","-","-","-","-","","","","","","","","","","","","","",""
"2018-06-18 15:00:13","l32","-","-","-","-","-","","","","","","","","","","","","","",""
"2018-06-18 15:30:12","l32","-","-","-","-","-","","","","","","","","","","","","","",""
"2018-06-18 16:00:14","l32","-","-","-","-","-","","","","","","","","","","","","","",""
"2018-06-18 16:30:14","l32","-","-","-","-","-","","","","","","","","","","","","","",""
"2018-06-18 17:00:14","l32","-","-","-","-","-","","","","","","","","","","","","","",""
"2018-06-18 17:30:12","l32","-","-","-","-","-","","","","","","","","","","","","","",""
"2018-06-18 18:00:15","l32","-","-","-","-","-","","","","","","","","","","","","","",""
"2018-06-18 18:30:12","l32","-","-","-","-","-","","","","","","","","","","","","","",""
"2018-06-18 19:00:12","l32","-","-","-","-","-","","","","","","","","","","","","","",""
"2018-06-18 19:30:12","l32","-","-","-","-","-","","","","","","","","","","","","","",""
"2018-06-18 20:00:14","l32","-","-","-","-","-","","","","","","","","","","","","","",""
"2018-06-18 20:30:12","l32","-","-","-","-","-","","","","","","","","","","","","","",""
"2018-06-18 21:00:11","l32","-","-","-","-","-","","","","","","","","","","","","","",""
"2018-06-18 21:30:11","l32","-","-","-","-","-","","","","","","","","","","","","","",""
"2018-06-18 22:00:13","l32","-","-","-","-","-","","","","","","","","","","","","","",""
"2018-06-18 22:30:12","l32","-","-","-","-","-","","","","","","","","","","","","","",""
"2018-06-18 23:00:13","l32","-","-","-","-","-","","","","","","","","","","","","","",""
"2018-06-18 23:30:12","l32","-","-","-","-","-","","","","","","","","","","","","","",""
"2018-06-19 00:00:13","l32","-","-","-","-","-","","","","","","","","","","","","","",""
"2018-06-19 00:30:12","l32","-","-","-","-","-","","","","","","","","","","","","","",""
"2018-06-19 01:00:13","l32","-","-","-","-","-","","","","","","","","","","","","","",""
"2018-06-19 01:30:12","l32","-","-","-","-","-","","","","","","","","","","","","","",""
"2018-06-19 02:00:13","l32","-","-","-","-","-","","","","","","","","","","","","","",""
"2018-06-19 02:30:13","l32","-","-","-","-","-","","","","","","","","","","","","","",""
"2018-06-19 03:00:11","l32","-","-","-","-","-","","","","","","","","","","","","","",""
"2018-06-19 03:30:12","l32","-","-","-","-","-","","","","","","","","","","","","","",""
"2018-06-19 04:00:13","l32","-","-","-","-","-","","","","","","","","","","","","","",""
"2018-06-19 04:30:12","l32","-","-","-","-","-","","","","","","","","","","","","","",""
"2018-06-19 05:00:13","l32","-","-","-","-","-","","","","","","","","","","","","","",""
"2018-06-19 05:30:12","l32","-","-","-","-","-","","","","","","","","","","","","","",""
"2018-06-19 06:00:13","l32","-","-","-","-","-","","","","","","","","","","","","","",""
"2018-06-19 06:30:15","l32","-","-","-","-","-","","","","","","","","","","","","","",""
"2018-06-19 07:00:13","l32","-","-","-","-","-","","","","","","","","","","","","","",""
"2018-06-19 07:30:13","l32","-","-","-","-","-","","","","","","","","","","","","","",""
"2018-06-19 08:00:13","l32","-","-","-","-","-","","","","","","","","","","","","","",""
"2018-06-19 08:30:13","l32","-","-","-","-","-","","","","","","","","","","","","","",""
"2018-06-19 09:00:13","l32","-","-","-","-","-","","","","","","","","","","","","","",""
"2018-06-19 09:30:13","l32","-","-","-","-","-","","","","","","","","","","","","","",""
"2018-06-19 10:00:14","l32","-","-","-","-","-","","","","","","","","","","","","","",""
"2018-06-19 10:30:11","l32","-","-","-","-","-","","","","","","","","","","","","","",""
"2018-06-19 11:00:14","l32","-","-","-","-","-","","","","","","","","","","","","","",""
"2018-06-19 11:30:13","l32","-","-","-","-","-","","","","","","","","","","","","","",""
"2018-06-19 12:00:13","l32","-","-","-","-","-","","","","","","","","","","","","","",""
"2018-06-19 12:30:13","l32","-","-","-","-","-","","","","","","","","","","","","","",""
"2018-06-19 13:00:14","l32","-","-","-","-","-","","","","","","","","","","","","","",""
"2018-06-19 13:30:13","l32","-","-","-","-","-","","","","","","","","","","","","","",""
"2018-06-19 14:00:13","l32","-","-","-","-","-","","","","","","","","","","","","","",""
"2018-06-19 14:30:13","l32","-","-","-","-","-","","","","","","","","","","","","","",""
"2018-06-19 15:00:13","l32","-","-","-","-","-","","","","","","","","","","","","","",""
"2018-06-19 15:30:13","l32","-","-","-","-","-","","","","","","","","","","","","","",""
"2018-06-19 16:00:14","l32","-","-","-","-","-","","","","","","","","","","","","","",""
"2018-06-19 16:30:13","l32","-","-","-","-","-","","","","","","","","","","","","","",""
"2018-06-19 17:00:14","l32","-","-","-","-","-","","","","","","","","","","","","","",""
"2018-06-19 17:30:12","l32","-","-","-","-","-","","","","","","","","","","","","","",""
"2018-06-19 18:00:14","l32","-","-","-","-","-","","","","","","","","","","","","","",""
"2018-06-19 18:30:12","l32","-","-","-","-","-","","","","","","","","","","","","","",""
"2018-06-19 19:00:14","l32","-","-","-","-","-","","","","","","","","","","","","","",""
"2018-06-19 19:30:12","l32","-","-","-","-","-","","","","","","","","","","","","","",""
"2018-06-19 20:00:14","l32","-","-","-","-","-","","","","","","","","","","","","","",""
"2018-06-19 20:30:13","l32","-","-","-","-","-","","","","","","","","","","","","","",""
"2018-06-19 21:00:14","l32","-","-","-","-","-","","","","","","","","","","","","","",""
"2018-06-19 21:30:13","l32","-","-","-","-","-","","","","","","","","","","","","","",""
"2018-06-19 22:00:13","l32","-","-","-","-","-","","","","","","","","","","","","","",""
"2018-06-19 22:30:12","l32","-","-","-","-","-","","","","","","","","","","","","","",""
"2018-06-19 23:00:13","l32","-","-","-","-","-","","","","","","","","","","","","","",""
"2018-06-19 23:30:12","l32","-","-","-","-","-","","","","","","","","","","","","","",""
"2018-06-20 00:00:13","l32","-","-","-","-","-","","","","","","","","","","","","","",""
"2018-06-20 00:30:12","l32","-","-","-","-","-","","","","","","","","","","","","","",""
"2018-06-20 01:00:15","l32","-","-","-","-","-","","","","","","","","","","","","","",""
"2018-06-20 01:30:12","l32","-","-","-","-","-","","","","","","","","","","","","","",""
"2018-06-20 02:00:13","l32","-","-","-","-","-","","","","","","","","","","","","","",""
"2018-06-20 02:30:12","l32","-","-","-","-","-","","","","","","","","","","","","","",""
"2018-06-20 03:00:13","l32","-","-","-","-","-","","","","","","","","","","","","","",""
"2018-06-20 03:30:12","l32","-","-","-","-","-","","","","","","","","","","","","","",""
"2018-06-20 04:00:12","l32","-","-","-","-","-","","","","","","","","","","","","","",""
"2018-06-20 04:30:12","l32","-","-","-","-","-","","","","","","","","","","","","","",""
"2018-06-20 05:00:13","l32","-","-","-","-","-","","","","","","","","","","","","","",""
"2018-06-20 05:30:12","l32","-","-","-","-","-","","","","","","","","","","","","","",""
"2018-06-20 06:00:13","l32","-","-","-","-","-","","","","","","","","","","","","","",""
"2018-06-20 06:30:12","l32","-","-","-","-","-","","","","","","","","","","","","","",""
"2018-06-20 07:00:14","l32","-","-","-","-","-","","","","","","","","","","","","","",""
"2018-06-20 07:30:13","l32","-","-","-","-","-","","","","","","","","","","","","","",""
"2018-06-20 08:00:14","l32","-","-","-","-","-","","","","","","","","","","","","","",""
"2018-06-20 08:30:12","l32","-","-","-","-","-","","","","","","","","","","","","","",""
"2018-06-20 09:00:13","l32","-","-","-","-","-","","","","","","","","","","","","","",""
"2018-06-20 09:30:13","l32","-","-","-","-","-","","","","","","","","","","","","","",""
"2018-06-20 10:00:14","l32","-","-","-","-","-","","","","","","","","","","","","","",""
"2018-06-20 10:30:12","l32","-","-","-","-","-","","","","","","","","","","","","","",""
"2018-06-20 11:00:13","l32","-","-","-","-","-","","","","","","","","","","","","","",""
"2018-06-20 11:30:13","l32","-","-","-","-","-","","","","","","","","","","","","","",""
"2018-06-20 12:00:14","l32","-","-","-","-","-","","","","","","","","","","","","","",""
"2018-06-20 12:30:12","l32","-","-","-","-","-","","","","","","","","","","","","","",""
"2018-06-20 13:00:13","l32","-","-","-","-","-","","","","","","","","","","","","","",""
"2018-06-20 13:30:13","l32","-","-","-","-","-","","","","","","","","","","","","","",""
"2018-06-20 14:00:13","l32","-","-","-","-","-","","","","","","","","","","","","","",""
"2018-06-20 14:30:13","l32","-","-","-","-","-","","","","","","","","","","","","","",""
"2018-06-20 15:00:14","l32","-","-","-","-","-","","","","","","","","","","","","","",""
"2018-06-20 15:30:13","l32","-","-","-","-","-","","","","","","","","","","","","","",""
"2018-06-20 16:00:14","l32","-","-","-","-","-","","","","","","","","","","","","","",""
"2018-06-20 16:30:14","l32","-","-","-","-","-","","","","","","","","","","","","","",""
"2018-06-20 17:00:14","l32","-","-","-","-","-","","","","","","","","","","","","","",""
"2018-06-20 17:30:13","l32","-","-","-","-","-","","","","","","","","","","","","","",""
"2018-06-20 18:00:14","l32","-","-","-","-","-","","","","","","","","","","","","","",""
"2018-06-20 18:30:13","l32","-","-","-","-","-","","","","","","","","","","","","","",""
"2018-06-20 19:00:13","l32","-","-","-","-","-","","","","","","","","","","","","","",""
"2018-06-20 19:30:14","l32","-","-","-","-","-","","","","","","","","","","","","","",""
"2018-06-20 20:00:14","l32","-","-","-","-","-","","","","","","","","","","","","","",""
"2018-06-20 20:30:12","l32","-","-","-","-","-","","","","","","","","","","","","","",""
"2018-06-20 21:00:15","l32","-","-","-","-","-","","","","","","","","","","","","","",""
"2018-06-20 21:30:12","l32","-","-","-","-","-","","","","","","","","","","","","","",""
"2018-06-20 22:00:14","l32","-","-","-","-","-","","","","","","","","","","","","","",""
"2018-06-20 22:30:12","l32","-","-","-","-","-","","","","","","","","","","","","","",""
"2018-06-20 23:00:13","l32","-","-","-","-","-","","","","","","","","","","","","","",""
"2018-06-20 23:30:13","l32","-","-","-","-","-","","","","","","","","","","","","","",""
"2018-06-21 00:00:14","l32","-","-","-","-","-","","","","","","","","","","","","","",""
"2018-06-21 00:30:12","l32","-","-","-","-","-","","","","","","","","","","","","","",""
"2018-06-21 01:00:13","l32","-","-","-","-","-","","","","","","","","","","","","","",""
"2018-06-21 01:30:13","l32","-","-","-","-","-","","","","","","","","","","","","","",""
"2018-06-21 02:00:15","l32","-","-","-","-","-","","","","","","","","","","","","","",""
"2018-06-21 02:30:12","l32","-","-","-","-","-","","","","","","","","","","","","","",""
"2018-06-21 03:00:13","l32","-","-","-","-","-","","","","","","","","","","","","","",""
"2018-06-21 03:30:12","l32","-","-","-","-","-","","","","","","","","","","","","","",""
"2018-06-21 04:00:13","l32","-","-","-","-","-","","","","","","","","","","","","","",""
"2018-06-21 04:30:11","l32","-","-","-","-","-","","","","","","","","","","","","","",""
"2018-06-21 05:00:12","l32","-","-","-","-","-","","","","","","","","","","","","","",""
"2018-06-21 05:30:12","l32","-","-","-","-","-","","","","","","","","","","","","","",""
"2018-06-21 06:00:14","l32","-","-","-","-","-","","","","","","","","","","","","","",""
"2018-06-21 06:30:13","l32","-","-","-","-","-","","","","","","","","","","","","","",""
"2018-06-21 07:00:12","l32","-","-","-","-","-","","","","","","","","","","","","","",""
"2018-06-21 07:30:12","l32","-","-","-","-","-","","","","","","","","","","","","","",""
"2018-06-21 08:00:11","l32","-","-","-","-","-","","","","","","","","","","","","","",""
"2018-06-21 08:30:12","l32","-","-","-","-","-","","","","","","","","","","","","","",""
"2018-06-21 09:00:13","l32","-","-","-","-","-","","","","","","","","","","","","","",""
"2018-06-21 09:30:13","l32","-","-","-","-","-","","","","","","","","","","","","","",""
"2018-06-21 10:00:13","l32","-","-","-","-","-","","","","","","","","","","","","","",""
"2018-06-21 10:30:13","l32","-","-","-","-","-","","","","","","","","","","","","","",""
"2018-06-21 11:00:15","l32","-","-","-","-","-","","","","","","","","","","","","","",""
"2018-06-21 11:30:13","l32","-","-","-","-","-","","","","","","","","","","","","","",""
"2018-06-21 12:00:14","l32","-","-","-","-","-","","","","","","","","","","","","","",""
"2018-06-21 12:30:12","l32","-","-","-","-","-","","","","","","","","","","","","","",""
"2018-06-21 13:00:14","l32","-","-","-","-","-","","","","","","","","","","","","","",""
"2018-06-21 13:30:13","l32","-","-","-","-","-","","","","","","","","","","","","","",""
"2018-06-21 14:00:13","l32","-","-","-","-","-","","","","","","","","","","","","","",""
"2018-06-21 14:30:13","l32","-","-","-","-","-","","","","","","","","","","","","","",""
"2018-06-21 15:00:14","l32","-","-","-","-","-","","","","","","","","","","","","","",""
"2018-06-21 15:30:14","l32","-","-","-","-","-","","","","","","","","","","","","","",""
"2018-06-21 16:00:14","l32","-","-","-","-","-","","","","","","","","","","","","","",""
"2018-06-21 16:30:13","l32","-","-","-","-","-","","","","","","","","","","","","","",""
"2018-06-21 17:00:14","l32","-","-","-","-","-","","","","","","","","","","","","","",""
"2018-06-21 17:30:13","l32","-","-","-","-","-","","","","","","","","","","","","","",""
"2018-06-21 18:00:16","l32","-","-","-","-","-","","","","","","","","","","","","","",""
"2018-06-21 18:30:13","l32","-","-","-","-","-","","","","","","","","","","","","","",""
"2018-06-21 19:00:14","l32","-","-","-","-","-","","","","","","","","","","","","","",""
"2018-06-21 19:30:13","l32","-","-","-","-","-","","","","","","","","","","","","","",""
"2018-06-21 20:00:13","l32","-","-","-","-","-","","","","","","","","","","","","","",""
"2018-06-21 20:30:13","l32","-","-","-","-","-","","","","","","","","","","","","","",""
"2018-06-21 21:00:13","l32","-","-","-","-","-","","","","","","","","","","","","","",""
"2018-06-21 21:30:14","l32","-","-","-","-","-","","","","","","","","","","","","","",""
"2018-06-21 22:00:13","l32","-","-","-","-","-","","","","","","","","","","","","","",""
"2018-06-21 22:30:12","l32","-","-","-","-","-","","","","","","","","","","","","","",""
"2018-06-21 23:00:13","l32","-","-","-","-","-","","","","","","","","","","","","","",""
"2018-06-21 23:30:12","l32","-","-","-","-","-","","","","","","","","","","","","","",""
"2018-06-22 00:00:13","l32","-","-","-","-","-","","","","","","","","","","","","","",""
"2018-06-22 00:30:12","l32","-","-","-","-","-","","","","","","","","","","","","","",""
"2018-06-22 01:00:14","l32","-","-","-","-","-","","","","","","","","","","","","","",""
"2018-06-22 01:30:13","l32","-","-","-","-","-","","","","","","","","","","","","","",""
"2018-06-22 02:00:13","l32","-","-","-","-","-","","","","","","","","","","","","","",""
"2018-06-22 02:30:12","l32","-","-","-","-","-","","","","","","","","","","","","","",""
"2018-06-22 03:00:13","l32","-","-","-","-","-","","","","","","","","","","","","","",""
"2018-06-22 03:30:12","l32","-","-","-","-","-","","","","","","","","","","","","","",""
"2018-06-22 04:00:12","l32","-","-","-","-","-","","","","","","","","","","","","","",""
"2018-06-22 04:30:12","l32","-","-","-","-","-","","","","","","","","","","","","","",""
"2018-06-22 05:00:13","l32","-","-","-","-","-","","","","","","","","","","","","","",""
"2018-06-22 05:30:11","l32","-","-","-","-","-","","","","","","","","","","","","","",""
"2018-06-22 06:00:13","l32","-","-","-","-","-","","","","","","","","","","","","","",""
"2018-06-22 06:30:11","l32","-","-","-","-","-","","","","","","","","","","","","","",""
"2018-06-22 07:00:13","l32","-","-","-","-","-","","","","","","","","","","","","","",""
"2018-06-22 07:30:13","l32","-","-","-","-","-","","","","","","","","","","","","","",""
"2018-06-22 08:00:13","l32","-","-","-","-","-","","","","","","","","","","","","","",""
"2018-06-22 08:30:12","l32","-","-","-","-","-","","","","","","","","","","","","","",""
"2018-06-22 09:00:13","l32","-","-","-","-","-","","","","","","","","","","","","","",""
"2018-06-22 09:30:13","l32","-","-","-","-","-","","","","","","","","","","","","","",""
"2018-06-22 10:00:14","l32","-","-","-","-","-","","","","","","","","","","","","","",""
"2018-06-22 10:30:13","l32","-","-","-","-","-","","","","","","","","","","","","","",""
"2018-06-22 11:00:13","l32","-","-","-","-","-","","","","","","","","","","","","","",""
"2018-06-22 11:30:12","l32","-","-","-","-","-","","","","","","","","","","","","","",""
"2018-06-22 12:00:14","l32","-","-","-","-","-","","","","","","","","","","","","","",""
"2018-06-22 12:30:13","l32","-","-","-","-","-","","","","","","","","","","","","","",""
"2018-06-22 13:00:15","l32","-","-","-","-","-","","","","","","","","","","","","","",""
"2018-06-22 13:30:12","l32","-","-","-","-","-","","","","","","","","","","","","","",""
"2018-06-22 14:00:14","l32","-","-","-","-","-","","","","","","","","","","","","","",""
"2018-06-22 14:30:12","l32","-","-","-","-","-","","","","","","","","","","","","","",""
"2018-06-22 15:00:13","l32","-","-","-","-","-","","","","","","","","","","","","","",""
"2018-06-22 15:30:12","l32","-","-","-","-","-","","","","","","","","","","","","","",""
"2018-06-22 16:00:14","l32","-","-","-","-","-","","","","","","","","","","","","","",""
"2018-06-22 16:30:12","l32","-","-","-","-","-","","","","","","","","","","","","","",""
"2018-06-22 17:00:13","l32","-","-","-","-","-","","","","","","","","","","","","","",""
"2018-06-22 17:30:13","l32","-","-","-","-","-","","","","","","","","","","","","","",""
"2018-06-22 18:00:14","l32","-","-","-","-","-","","","","","","","","","","","","","",""
"2018-06-22 18:30:13","l32","-","-","-","-","-","","","","","","","","","","","","","",""
"2018-06-22 19:00:13","l32","-","-","-","-","-","","","","","","","","","","","","","",""
"2018-06-22 19:30:12","l32","-","-","-","-","-","","","","","","","","","","","","","",""
"2018-06-22 20:00:13","l32","-","-","-","-","-","","","","","","","","","","","","","",""
"2018-06-22 20:30:13","l32","-","-","-","-","-","","","","","","","","","","","","","",""
"2018-06-22 21:00:13","l32","-","-","-","-","-","","","","","","","","","","","","","",""
"2018-06-22 21:30:12","l32","-","-","-","-","-","","","","","","","","","","","","","",""
"2018-06-22 22:00:13","l32","-","-","-","-","-","","","","","","","","","","","","","",""
"2018-06-22 22:30:12","l32","-","-","-","-","-","","","","","","","","","","","","","",""
"2018-06-22 23:00:13","l32","-","-","-","-","-","","","","","","","","","","","","","",""
"2018-06-22 23:30:13","l32","-","-","-","-","-","","","","","","","","","","","","","",""
"2018-06-23 00:00:13","l32","-","-","-","-","-","","","","","","","","","","","","","",""
"2018-06-23 00:30:12","l32","-","-","-","-","-","","","","","","","","","","","","","",""
"2018-06-23 01:00:11","l32","-","-","-","-","-","","","","","","","","","","","","","",""
"2018-06-23 01:30:12","l32","-","-","-","-","-","","","","","","","","","","","","","",""
"2018-06-23 02:00:12","l32","-","-","-","-","-","","","","","","","","","","","","","",""
"2018-06-23 02:30:12","l32","-","-","-","-","-","","","","","","","","","","","","","",""
"2018-06-23 03:00:11","l32","-","-","-","-","-","","","","","","","","","","","","","",""
"2018-06-23 03:30:11","l32","-","-","-","-","-","","","","","","","","","","","","","",""
"2018-06-23 04:00:12","l32","-","-","-","-","-","","","","","","","","","","","","","",""
"2018-06-23 04:30:12","l32","-","-","-","-","-","","","","","","","","","","","","","",""
"2018-06-23 05:00:12","l32","-","-","-","-","-","","","","","","","","","","","","","",""
"2018-06-23 05:30:12","l32","-","-","-","-","-","","","","","","","","","","","","","",""
"2018-06-23 06:00:14","l32","-","-","-","-","-","","","","","","","","","","","","","",""
"2018-06-23 06:30:12","l32","-","-","-","-","-","","","","","","","","","","","","","",""
"2018-06-23 07:00:12","l32","-","-","-","-","-","","","","","","","","","","","","","",""
"2018-06-23 07:30:10","l32","-","-","-","-","-","","","","","","","","","","","","","",""
"2018-06-23 08:00:13","l32","-","-","-","-","-","","","","","","","","","","","","","",""
"2018-06-23 08:30:13","l32","-","-","-","-","-","","","","","","","","","","","","","",""
"2018-06-23 09:00:13","l32","-","-","-","-","-","","","","","","","","","","","","","",""
"2018-06-23 09:30:13","l32","-","-","-","-","-","","","","","","","","","","","","","",""
"2018-06-23 10:00:13","l32","-","-","-","-","-","","","","","","","","","","","","","",""
"2018-06-23 10:30:13","l32","-","-","-","-","-","","","","","","","","","","","","","",""
"2018-06-23 11:00:11","l32","-","-","-","-","-","","","","","","","","","","","","","",""
"2018-06-23 11:30:12","l32","-","-","-","-","-","","","","","","","","","","","","","",""
"2018-06-23 12:00:13","l32","-","-","-","-","-","","","","","","","","","","","","","",""
"2018-06-23 12:30:12","l32","-","-","-","-","-","","","","","","","","","","","","","",""
"2018-06-23 13:00:12","l32","-","-","-","-","-","","","","","","","","","","","","","",""
"2018-06-23 13:30:12","l32","-","-","-","-","-","","","","","","","","","","","","","",""
"2018-06-23 14:00:13","l32","-","-","-","-","-","","","","","","","","","","","","","",""
"2018-06-23 14:30:12","l32","-","-","-","-","-","","","","","","","","","","","","","",""
"2018-06-23 15:00:13","l32","-","-","-","-","-","","","","","","","","","","","","","",""
"2018-06-23 15:30:10","l32","-","-","-","-","-","","","","","","","","","","","","","",""
"2018-06-23 16:00:13","l32","-","-","-","-","-","","","","","","","","","","","","","",""
"2018-06-23 16:30:12","l32","-","-","-","-","-","","","","","","","","","","","","","",""
"2018-06-23 17:00:12","l32","-","-","-","-","-","","","","","","","","","","","","","",""
"2018-06-23 17:30:12","l32","-","-","-","-","-","","","","","","","","","","","","","",""
"2018-06-23 18:00:13","l32","-","-","-","-","-","","","","","","","","","","","","","",""
"2018-06-23 18:30:12","l32","-","-","-","-","-","","","","","","","","","","","","","",""
"2018-06-23 19:00:13","l32","-","-","-","-","-","","","","","","","","","","","","","",""
"2018-06-23 19:30:12","l32","-","-","-","-","-","","","","","","","","","","","","","",""
"2018-06-23 20:00:13","l32","-","-","-","-","-","","","","","","","","","","","","","",""
"2018-06-23 20:30:11","l32","-","-","-","-","-","","","","","","","","","","","","","",""
"2018-06-23 21:00:12","l32","-","-","-","-","-","","","","","","","","","","","","","",""
"2018-06-23 21:30:12","l32","-","-","-","-","-","","","","","","","","","","","","","",""
"2018-06-23 22:00:13","l32","-","-","-","-","-","","","","","","","","","","","","","",""
"2018-06-23 22:30:11","l32","-","-","-","-","-","","","","","","","","","","","","","",""
"2018-06-23 23:00:12","l32","-","-","-","-","-","","","","","","","","","","","","","",""
"2018-06-23 23:30:11","l32","-","-","-","-","-","","","","","","","","","","","","","",""
"2018-06-24 00:00:13","l32","-","-","-","-","-","","","","","","","","","","","","","",""
"2018-06-24 00:30:13","l32","-","-","-","-","-","","","","","","","","","","","","","",""
"2018-06-24 01:00:14","l32","-","-","-","-","-","","","","","","","","","","","","","",""
"2018-06-24 01:30:12","l32","-","-","-","-","-","","","","","","","","","","","","","",""
"2018-06-24 02:00:13","l32","-","-","-","-","-","","","","","","","","","","","","","",""
"2018-06-24 02:30:12","l32","-","-","-","-","-","","","","","","","","","","","","","",""
"2018-06-24 03:00:12","l32","-","-","-","-","-","","","","","","","","","","","","","",""
"2018-06-24 03:30:12","l32","-","-","-","-","-","","","","","","","","","","","","","",""
"2018-06-24 04:00:13","l32","-","-","-","-","-","","","","","","","","","","","","","",""
"2018-06-24 04:30:11","l32","-","-","-","-","-","","","","","","","","","","","","","",""
"2018-06-24 05:00:11","l32","-","-","-","-","-","","","","","","","","","","","","","",""
"2018-06-24 05:30:12","l32","-","-","-","-","-","","","","","","","","","","","","","",""
"2018-06-24 06:00:13","l32","-","-","-","-","-","","","","","","","","","","","","","",""
"2018-06-24 06:30:12","l32","-","-","-","-","-","","","","","","","","","","","","","",""
"2018-06-24 07:00:12","l32","-","-","-","-","-","","","","","","","","","","","","","",""
"2018-06-24 07:30:11","l32","-","-","-","-","-","","","","","","","","","","","","","",""
"2018-06-24 08:00:13","l32","-","-","-","-","-","","","","","","","","","","","","","",""
"2018-06-24 08:30:10","l32","-","-","-","-","-","","","","","","","","","","","","","",""
"2018-06-24 09:00:10","l32","-","-","-","-","-","","","","","","","","","","","","","",""
"2018-06-24 09:30:12","l32","-","-","-","-","-","","","","","","","","","","","","","",""
"2018-06-24 10:00:13","l32","-","-","-","-","-","","","","","","","","","","","","","",""
"2018-06-24 10:30:12","l32","-","-","-","-","-","","","","","","","","","","","","","",""
"2018-06-24 11:00:12","l32","-","-","-","-","-","","","","","","","","","","","","","",""
"2018-06-24 11:30:12","l32","-","-","-","-","-","","","","","","","","","","","","","",""
"2018-06-24 12:00:13","l32","-","-","-","-","-","","","","","","","","","","","","","",""
"2018-06-24 12:30:11","l32","-","-","-","-","-","","","","","","","","","","","","","",""
"2018-06-24 13:00:12","l32","-","-","-","-","-","","","","","","","","","","","","","",""
"2018-06-24 13:30:12","l32","-","-","-","-","-","","","","","","","","","","","","","",""
"2018-06-24 14:00:12","l32","-","-","-","-","-","","","","","","","","","","","","","",""
"2018-06-24 14:30:12","l32","-","-","-","-","-","","","","","","","","","","","","","",""
"2018-06-24 15:00:13","l32","-","-","-","-","-","","","","","","","","","","","","","",""
"2018-06-24 15:30:12","l32","-","-","-","-","-","","","","","","","","","","","","","",""
"2018-06-24 16:00:13","l32","-","-","-","-","-","","","","","","","","","","","","","",""
"2018-06-24 16:30:12","l32","-","-","-","-","-","","","","","","","","","","","","","",""
"2018-06-24 17:00:12","l32","-","-","-","-","-","","","","","","","","","","","","","",""
"2018-06-24 17:30:11","l32","-","-","-","-","-","","","","","","","","","","","","","",""
"2018-06-24 18:00:13","l32","-","-","-","-","-","","","","","","","","","","","","","",""
